{
  "overall": {
    "precision": 0.9164145614485539,
    "recall": 0.9162303664921466,
    "f1": 0.9152388901535271,
    "num_samples": 191.0
  },
  "per_class": {
    "other": {
      "precision": 0.9615384615384616,
      "recall": 0.9615384615384616,
      "f1": 0.9615384615384616,
      "num_samples": 26.0
    },
    "computer-vision": {
      "precision": 0.9552238805970149,
      "recall": 0.9014084507042254,
      "f1": 0.927536231884058,
      "num_samples": 71.0
    },
    "natural-language-processing": {
      "precision": 0.8928571428571429,
      "recall": 0.9615384615384616,
      "f1": 0.9259259259259259,
      "num_samples": 78.0
    },
    "mlops": {
      "precision": 0.7857142857142857,
      "recall": 0.6875,
      "f1": 0.7333333333333334,
      "num_samples": 16.0
    }
  },
  "slices": {
    "nlp_llm": {
      "precision": 1.0,
      "recall": 1.0,
      "f1": 1.0,
      "num_samples": 28
    },
    "short_text": {
      "precision": 0.9285714285714286,
      "recall": 0.9285714285714286,
      "f1": 0.9285714285714286,
      "num_samples": 14
    }
  }
}
