{
  "timestamp": "June 20, 2023 12:56:12 AM",
  "run_id": "3fd557fa8e3749f38939430a9dd4ad19",
  "params": {
    "dropout_p": 0.5,
    "lr": 0.0001,
    "lr_factor": 0.8,
    "lr_patience": 3,
    "num_samples": null,
    "num_epochs": 1,
    "batch_size": 256,
    "num_classes": 4
  },
  "metrics": [
    {
      "epoch": 0,
      "train_loss": 0.0469254112492005,
      "val_loss": 0.0384283766150474
    }
  ]
}
